オノマトペ,意味,タグ,運勢,ひとこと
カチカチ,硬いものが当たる音、時計の針の音,"リラックス,疲労",,カチコチだった心も、ふわりと軽くなれる。夕暮れに一番星がキラリと瞬くように、あなたの心もパッと輝きだします。固まった思考をスルスルとほぐして、新しい光をキュンと取り込んでみましょう。明日もきっと、心がホッと和む一日になりますよ。
カタカタ,小刻みに揺れる音、キーボードを打つ音,"休息,刺激",,カタカタと、一歩ずつ進んでみましょう。焦らなくて大丈夫。コツコツと続ければ、やがて目の前の霧がスーッと晴れるように、道がパッと開けてきます。あなたの努力はきっと、キラキラと輝く未来へと繋がっていますよ！
コツコツ,硬いものが軽く当たる音、足音,"休息,疲労",,コツコツと、たゆまず進むその努力。今は小さな一歩でも、それがグングンと力を蓄え、やがて大きな山をスイスイと乗り越える力になるでしょう。夢に向かってコツコツと積み重ねた時間は、必ずキラキラ輝く現実へとパッと花開きます。あなたの頑張りは、決して無駄にはなりませんよ！
トントン,ドアを軽く叩く音、包丁の音,"緊張,疲労",,運がトントン拍子にいくと、なんだか世界まで味方してくれてる気がするね。でも、足踏みする日があっても大丈夫。焦らなくていいんだよ。遠回りに見える道にも、ちゃんと花は咲いてるし、そこでしか出会えない景色もあるから。あなたのペースで、一歩ずつ。それが、ほんとうの「トントン拍子」かもしれないね。 
ドンドン,ドアを強く叩く音、太鼓の音,"緊張,行動",,ドンドン前にいこうよ、迷ってる時間なんてもったいない。 進みたい気持ちがあるなら、それがもう始まりの合図。 遠慮なんてしないで、あなたらしく、まっすぐに。 転んだって、また立てばいい。 この世界は、挑む人にちゃんと道を開いてくれるから。 さあ、深呼吸して、一歩。 次の景色が、待ってるよ。
ガンガン,頭に響く音、大きな金属音,"刺激,天気",,やる気ガンガン！今日は止まらない一日になりそうだね。 次から次へと進んでいける、そんな勢い、すごく素敵。 でもちょっと待って。ガンガン行くその前に、深呼吸をひとつ。 吸って、吐いて。 心が整えば、もっと遠くまで行けるよ。 勢いも大事。でも、心地よいリズムも、もっと大事かもしれないね。
キンキン,金属の高い音、耳鳴り,"天気,安心",,キンキンと冷たい風が吹いても、心はホカホカに温かく保ちましょうね。気分がシュワッと爽やかになるように、考え方もパッと切り替えてみてはいかが？どんな時でも、あなたの内側にはポカポカと温かい光が灯っているのよ。さあ、今日も心はホッと温かく、前向きにいきましょう！
キーン,高い金属音、耳鳴り、冷たい音,"天気,曇り",,キーンと静まり返った時って、なんだか集中力がグンと高まるチャンスなのよね。周りの音がスーッと遠ざかって、自分の世界にフワッと入り込める。そんな時は、心も体もピシッと引き締まって、すごくはかどるの。さあ、このキーンとした時間を味方につけて、なりたい自分にググッと近づいてみない？
ゴロゴロ,雷の音、物が転がる音,"気分,疲労",,ゴロゴロって、ただサボってるだけじゃないのよ。実はね、心の充電時間なの。体をフワッとゆるめて、頭もボーッとさせてあげることで、新しいアイデアがひらめいたり、心がキュッと整ったりするのよね。たまには思いっきりダラダラ過ごして、明日へのエネルギーをギュッとチャージしましょ！
ガラガラ,物が崩れる音、喉が枯れた音,"不安,天気",,気分がガラガラでも切り替えよう！ガラガラ壊れてこそ、新しい扉が開くのさ。
ザワザワ,ざわめき、木の葉がこすれる音,"天気,喜び",,心がザワザワ？深呼吸してみて！ザワザワ心は変化の兆し、チャンスの予感。
サラサラ,砂や水が流れる音、布がこすれる音,"気分,リラックス",,サラサラ流れるように軽やかに！サラサラと流して、心のほこりをリセット。
ザーザー,雨や水が勢いよく流れる音,"天気,気分",,ザーザーの雨も、やがて晴れる！ザーザー降りでも、心に傘を忘れずに。
パラパラ,小雨の音、紙がめくれる音,"リラックス,体調",,アイデアがパラパラ湧いてきそう！パラパラと舞う日々に、小さな幸せひとつ。
ポツポツ,小さな雨粒が当たる音,"集中,天気",,ポツポツ進めば、きっと道になる！ポツポツの歩みが、未来をちゃんと作ってる。
しとしと,静かに雨が降る音,"喜び,刺激",,しとしとの雨も、心にやさしいね。しとしと静かな日は、自分を整える好機。
バタバタ,羽ばたく音、慌ただしい足音,"休息,天気",,バタバタしても笑顔を忘れずに！バタバタしても焦らず、まず深呼吸しよう。
パタパタ,軽いものが揺れる音、小さな足音,"不安,休息",,パタパタしても、まずはひと息！パタパタ羽ばたいて、次の世界へ飛び立とう。
ドタドタ,重い足音、騒がしい足音,"行動,天気",,ドタドタ走っても、楽しくいこう！ドタドタでも笑顔があれば、それでOK！
スタスタ,速く歩く足音,"体調,疲労",,スタスタ歩いて夢に近づこう！スタスタ歩けば、今日も着実に前進中。
テクテク,ゆっくり歩く足音,"安心,期待",,テクテクとマイペースで進もう！テクテク一歩ずつ、夢に向かう冒険の旅。
ひゅうひゅう,風が吹く音,"集中,刺激",,風がひゅうひゅう、冒険の予感！ひゅうひゅう風が鳴いたら、心も軽くなる。
びゅうびゅう,強い風が吹く音,"期待,疲労",,びゅうびゅう風にも負けない心で！びゅうびゅう嵐の中でも、自分を信じて。
ゴーゴー,強い風や水の流れる音、機関車の音,"集中,体調",,テンションゴーゴー！今日は最高！ゴーゴー突き進め、情熱エンジン全開で！
ブーン,ハチや機械の低い音,"疲労,天気",,ブーンとひとっ飛びで行こう！ブーンと飛んでいけ、君だけの空へ向かって。
ブンブン,ハチが飛ぶ音、物を振り回す音,"静けさ,集中",,ブンブン元気に動いていこう！ブンブン振り回されても、軸はぶらすな！
チクタク,時計の音,"緊張,期待",,チクタク時間を大切にしよう！チクタク、焦らず、でも止まらず進もう。
カチャカチャ,小さな金属音、鍵の音,"行動,安心",,カチャカチャ手が進むっていいね！カチャカチャ音にのって、作業もリズムよく。
ジャラジャラ,小銭の音、鎖の音,"不安,刺激",,小銭ジャラジャラ、運気も上々！ジャラジャラ音がしたら、チャンスの音かも？
チャリン,小銭が落ちる音、ベルの音,"期待,刺激",,チャリンとラッキーが舞い込むかも！チャリンと笑えば、運もチャリンと返ってくる。
リンリン,鈴の音、電話の音,"休息,天気",,リンリン響け！前向きの合図！リンリンと響く音に、幸せのお知らせあり♪
チリンチリン,小さな鈴の音,"曇り,リラックス",,チリンチリン♪新しい出会いの音！チリンチリンと鳴ったら、心が旅に出る合図。
ピーピー,ホイッスルの音、鳥の鳴き声,"疲労,静けさ",,ピーピー鳴っても焦らずいこう！ピーピー鳴いたら、ちょっとだけ耳を澄ませて。
チュンチュン,小鳥の鳴き声,"安心,疲労",,チュンチュン朝日と一緒に笑おう！チュンチュン朝の声、今日もいい日になる予感。
ワンワン,犬の鳴き声,"リラックス,疲労",,ワンワン元気に吠えていこう！ワンワン泣いても大丈夫、強くなってる証拠！
ニャーニャー,猫の鳴き声,"リラックス,休息",,ニャーニャー甘えてもいい日もある♪ニャーニャー甘えて、誰かに頼るのも大事だよ。
ブーブー,豚の鳴き声、ブザーの音,"静けさ,天気",,文句ブーブーも笑いに変えよう！ブーブー文句の中にもヒントがあるかも？
モーツモーツ,牛の鳴き声,"緊張,体調",,モーツモーツ考えて、ひらめきゲット！モーツモーツ悩む日も、心の整理整頓タイム。
ケロケロ,カエルの鳴き声,"リラックス,静けさ",,ケロケロ笑えば元気が出るよ！ケロケロ笑ってジャンプ、新しい自分に会えるよ。
コケコッコー,ニワトリの鳴き声,"喜び,不安",,コケコッコー！朝から全開モード！コケコッコーと鳴いたら、希望の朝が始まるよ！
ガーガー,アヒルの鳴き声,"気分,天気",,ガーガー言わずにリラックスしてみて！ガーガー言われた時こそ、自分を信じるチャンス！
カーカー,カラスの鳴き声,"不安,リラックス",,カーカー空を見上げて深呼吸！カーカー鳴く空に、自由な気持ちを飛ばそう。
ホーホー,フクロウの鳴き声,"期待,天気",,ホーホー静かに夜の知恵を借りよう！ホーホー夜の静けさに、答えがそっと現れる。
キィーキィー,ネズミの鳴き声、きしむ音,"体調,集中",,キィーキィーって焦らずゆっくり！キィーキィーきしんでも、大事なのは前を向くこと。
ギーギー,きしむ音、摩擦音,"気分,天気",,ギーギー動いても前に進めばOK！ギーギー音も、変化の前ぶれかもしれないよ。
ギシギシ,床やドアがきしむ音,"安心,行動",,ギシギシ動く体も今日も頑張る！ギシギシ痛んでも、歩いてる証なんだよね。
ミシミシ,木材などがきしむ音,"静けさ,喜び",,ミシミシ音は変化の兆しかも！ミシミシ鳴る床でも、しっかり一歩ずつ。
ガタガタ,物が揺れる音、震える音,"疲労,天気",,ガタガタでもしっかり立ってるよ！ガタガタ揺れても、バランスは心で取れるよ。
グラグラ,物が不安定に揺れる音,"気分,集中",,グラグラ揺れても倒れない心で！グラグラ迷った時は、深呼吸して整えよう。
ユラユラ,軽く揺れる音や様子,"気分,静けさ",,ユラユラ揺れて心に余裕を♪ユラユラ心が揺れても、それは優しさの証。
ドッスン,重いものが落ちる音,"喜び,集中",,ドッスンと踏ん張っていこう！ドッスンと転んでも、大丈夫！起き上がれるよ。
ゴツン,硬いものがぶつかる音,"気分,緊張",,ゴツンと失敗しても大丈夫！ゴツンとぶつかって、目が覚めることもあるよね。
バタン,ドアが閉まる音,"天気,疲労",,バタンと閉じてもまた開ける！バタンと閉じた扉の向こうに、新しい道があるかも！
ドーン,大きな衝撃音、爆発音,"気分,疲労",,ドーンと構えて自信満々で！ドーンと構えて、今日も自分らしくいこう。
バーン,銃声、物が破裂する音,"集中,静けさ",,バーンと派手にいこう、今日は！バーンとやってのける、そんな日がきっと来る！
パチン,軽く弾ける音、指を鳴らす音,"リラックス,安心",,パチンとスイッチオンでやる気満点！パチンと決めたら、迷わず進むのみ！
パリパリ,硬いものが割れる音、乾燥したものが砕ける音,"体調,気分",,パリパリ食べて元気モリモリ！パリパリの音に、やる気スイッチが入るよ。
シャカシャカ,袋などがこすれる音,"緊張,刺激",,シャカシャカ元気な音で目覚めよう！シャカシャカ動けば、停滞もどこかへ飛んでいく。
ジャブジャブ,水を勢いよく使う音,"刺激,リラックス",,ジャブジャブ洗って気分もスッキリ！ジャブジャブ洗い流して、気分もリセット！
チャプチャプ,水面を叩く音,"喜び,リラックス",,チャプチャプ水遊び、心も軽く♪チャプチャプの水音で、心をゆるめてみよう。
ゴクゴク,水を勢いよく飲む音,"天気,刺激",,ゴクゴク飲んで元気チャージ！ゴクゴク飲んで、元気をチャージしよう！
チュルチュル,麺類を吸い込む音,"行動,緊張",,チュルチュル食べて笑顔満点！チュルチュルっと吸い込め、やる気と勇気！
モグモグ,口の中で物を噛む音や様子,"天気,緊張",,モグモグ食べれば元気が出るよ！モグモグ食べて、笑顔も心も満タンに♪
ガツガツ,勢いよく食べる音や様子,"集中,刺激",,ガツガツやれば成果もついてくる！ガツガツいく日は、目標もグッと近づくよ。
ムシャムシャ,草などを食べる音,"曇り,集中",,ムシャムシャ元気の証だね！ムシャムシャ食べたら、悩みもどこかへ消えそう！
ポリポリ,堅いものを噛む音,"刺激,静けさ",,ポリポリ食べながら考え中〜ポリポリかじって、少しずつ前進しよう。
バリバリ,硬いものを噛み砕く音,"期待,刺激",,バリバリ仕事！今日はやる気満点！バリバリ働くあなたに、拍手喝采を！
ザクザク,堅いものを切る音、雪を踏む音,"静けさ,曇り",,ザクザク掘れば宝が見つかるかも！ザクザク進めば、運も後からついてくる！
サクサク,軽いものを切る音、足元が軽い音,"行動,気分",,サクサク進めば気分も軽い！サクサク進む日は、幸せも軽やかに来るよ。
クスクス,こっそり笑う声,"リラックス,体調",,クスクス笑って今日もいい日♪クスクス笑えば、嫌なことも霧散するかも。
ゲラゲラ,大きく笑う声,"集中,気分",,ゲラゲラ笑えば全部スッキリ！ゲラゲラ笑って、ストレスも飛んでいけ！
ワハハ,大声で笑う声,"休息,緊張",,ワハハの笑いで嫌なことも吹き飛ぶ！ワハハと笑えば、世界がちょっと明るくなる。
フフフ,小さく上品に笑う声,"曇り,安心",,フフフと余裕の笑みが勝利の鍵♪フフフとほほ笑めば、運もこちらに微笑むよ。
オホホ,上品に笑う声,"天気,疲労",,オホホの笑顔で品よくいこう！オホホ笑いで、今日の悩みを上書きしよう。
ヒヒヒ,悪だくみをするような笑い声,"安心,期待",,ヒヒヒとひそかに計画進行中…♪ヒヒヒと企んでも、優しさを忘れずにね。
しくしく,小さく泣く声,"気分,期待",,しくしく泣いたら次は笑おう！しくしく泣く日は、心のおそうじ日和。
オギャー,赤ちゃんの泣き声,"リラックス,集中",,オギャーと泣いても始まりの音！オギャーと泣いて、新しい一歩を踏み出そう！
グーグー,いびき、お腹の鳴る音,"リラックス,集中",,グーグー寝たら元気100倍！グーグー眠って、明日はもっと元気になる！
ドクドク,心臓の鼓動の音,"疲労,不安",,ドクドク胸が高鳴る冒険が始まる！ドクドク高鳴る心に、ワクワクを信じて。
ヒソヒソ,小声で話す声,"緊張,行動",,ヒソヒソ話にも大事なヒントが！ヒソヒソ話にも、たまには耳を貸してみよう。
ザワザワ,騒がしい声、人々の声,"行動,リラックス",,ザワザワする時こそ、落ち着いて！ザワザワした時こそ、内なる声を聞いてみて。
ガヤガヤ,大勢の人が騒ぐ声,"静けさ,喜び",,ガヤガヤの中でも自分を大事に！ガヤガヤ賑やかでも、自分のペースを大切に。
シーン,物音がしない様子、静寂,"喜び,緊張",,シーンと静けさ、集中のチャンス！シーンとした静けさが、心を整えてくれる。
ジリジリ,焦げ付く音、日差しの強い音,"曇り,集中",,ジリジリ我慢しても花は咲く！ジリジリ焦る日は、あえてゆっくり動こう。
ジュージュー,肉などが焼ける音,"期待,曇り",,ジュージュー焼いて美味しさ全開！ジュージュー焼けた情熱は、あなたの原動力！
ブツブツ,小さくつぶやく声,"行動,不安",,ブツブツ言わずに笑っていこう！ブツブツ言ってもいい、吐き出せば楽になるよ。
ボソボソ,小声で話す声,"静けさ,不安",,ボソボソ声でも想いは届くよ！ボソボソでもいい、言葉は心をつなぐ糸。
ゴホゴホ,咳の音,"行動,休息",,ゴホゴホしたら休息を大切に！ゴホゴホは休みどきのサインかも。お大事に。
ズルズル,鼻をすする音、物を引きずる音,"曇り,休息",,ズルズルせずにスパッと行こう！ズルズル引きずっても、前に進めば大丈夫。
ベタベタ,粘りつく音、足跡,"安心,行動",,ベタベタでも気持ちはホカホカ！ベタベタ甘えられる人がいるって幸せ。
ドロドロ,泥が溶ける音、重い液体が流れる音,"安心,疲労",,ドロドロの先にスッキリがある！ドロドロした感情も、心の栄養になるよ。
ピチャピチャ,水をはねる音,"休息,静けさ",,ピチャピチャ楽しくリフレッシュ！ピチャピチャ水音が、気分をほぐしてくれる♪
パチャパチャ,軽く水を叩く音,"曇り,不安",,パチャパチャ遊んで気分爽快！パチャパチャ遊んで、童心を思い出してみて。
ツルツル,滑る音,"疲労,体調",,ツルツル滑ってもまた立ち上がればOK！ツルツル滑っても、転んだ分だけ強くなる！
サラサラ,砂や髪がこすれる音,"集中,天気",,サラサラの風に乗っていこう！サラサラの風のように、心軽やかにいこう。
ゴリゴリ,硬いものがこすれる音、力を入れる音,"期待,不安",,ゴリゴリやる気スイッチオン！ゴリゴリやる日は、力加減も忘れずにね。
シャワシャワ,シャワーの音,"体調,静けさ",,シャワシャワ浴びて気持ち切り替え！シャワシャワ流して、気持ちもリセット完了！
ブクブク,泡の立つ音,"疲労,行動",,ブクブク泡みたいに楽しいこと増やそう！ブクブク泡の中に、アイデアが隠れてるかも。
ポンポン,軽く叩く音、物が弾む音,"行動,天気",,ポンポン調子よく今日もいこう！ポンポンと肩をたたいて、がんばったねって言おう。
